City_ID,City,Country,Date,Lat,Lng,Max Temp,Humidity,Cloudiness,Wind Speed,Current Description
0,Krasnoselkup,RU,2021-12-19 15:22:47,65.7,82.4667,-41.21,98,27,4.25,scattered clouds
1,Ipixuna,BR,2021-12-19 15:22:47,-1.7625,-48.8043,87.75,86,100,3.94,light rain
2,Cape Town,ZA,2021-12-19 15:22:48,-33.9258,18.4232,82.11,60,0,5.01,clear sky
3,Norman Wells,CA,2021-12-19 15:22:48,65.282,-126.8329,-0.36,85,90,2.3,light snow
4,Verkh-Chebula,RU,2021-12-19 15:22:49,56.0308,87.6218,-11.09,100,96,3.51,overcast clouds
5,Paidha,UG,2021-12-19 15:22:49,2.4167,30.9855,73.47,55,92,3.56,overcast clouds
6,Chokurdakh,RU,2021-12-19 15:22:50,70.6333,147.9167,-23.01,99,100,5.91,light snow
7,Vaini,TO,2021-12-19 15:22:50,-21.2,-175.2,78.96,94,20,6.91,few clouds
8,Barrow,US,2021-12-19 15:22:51,71.2906,-156.7887,-9.38,70,1,16.11,clear sky
9,Progress,US,2021-12-19 15:22:51,40.2851,-76.8314,39.24,65,90,8.01,overcast clouds
10,Muisne,EC,2021-12-19 15:22:52,0.6,-80.0333,77.11,90,100,9.51,overcast clouds
11,Tres Palos,MX,2021-12-19 15:21:18,18.1833,-101.6167,70.41,56,96,1.61,overcast clouds
12,Port Augusta,AU,2021-12-19 15:22:52,-32.5,137.7667,62.74,56,71,14.38,broken clouds
13,Butaritari,KI,2021-12-19 15:22:53,3.0707,172.7902,80.92,81,96,15.37,light rain
14,Punta Arenas,CL,2021-12-19 15:21:08,-53.15,-70.9167,51.91,32,40,36.82,scattered clouds
15,Yellowknife,CA,2021-12-19 15:21:46,62.456,-114.3525,-17.59,82,75,5.75,broken clouds
16,Comodoro Rivadavia,AR,2021-12-19 15:19:49,-45.8667,-67.5,75.06,35,20,16.11,few clouds
17,Sorong,ID,2021-12-19 15:22:54,-0.8833,131.25,82.54,79,100,9.6,overcast clouds
18,Puerto Ayora,EC,2021-12-19 15:22:55,-0.7393,-90.3518,75.16,85,96,5.41,overcast clouds
19,Rikitea,PF,2021-12-19 15:22:55,-23.1203,-134.9692,76.64,74,100,9.19,light rain
20,Iqaluit,CA,2021-12-19 15:22:56,63.7506,-68.5145,10.13,72,75,3.44,light snow
21,Busselton,AU,2021-12-19 15:22:56,-33.65,115.3333,59.09,86,0,8.05,clear sky
22,Katsuura,JP,2021-12-19 15:22:57,35.1333,140.3,42.91,62,0,9.84,clear sky
23,Mataura,NZ,2021-12-19 15:22:58,-46.1927,168.8643,68.49,58,37,7.0,scattered clouds
24,Lebu,CL,2021-12-19 15:22:59,-37.6167,-73.65,62.56,75,54,16.89,broken clouds
25,Fallon,US,2021-12-19 15:23:00,39.4735,-118.7774,24.67,86,90,4.61,mist
26,Clyde River,CA,2021-12-19 15:23:01,70.4692,-68.5914,10.63,92,100,0.0,snow
27,Aksarayskiy,RU,2021-12-19 15:23:01,46.7924,48.0119,35.55,61,98,8.88,overcast clouds
28,Hasaki,JP,2021-12-19 15:23:02,35.7333,140.8333,28.8,42,4,9.57,clear sky
29,Half Moon Bay,US,2021-12-19 15:23:04,37.4636,-122.4286,46.09,93,90,0.0,fog
30,Jiuquan,CN,2021-12-19 15:23:04,39.7432,98.5174,26.24,21,1,2.62,clear sky
31,Avarua,CK,2021-12-19 15:23:05,-21.2078,-159.775,77.05,78,75,4.61,broken clouds
32,Vostok,RU,2021-12-19 15:23:06,46.4856,135.8833,-10.05,98,88,4.94,overcast clouds
33,Pinczow,PL,2021-12-19 15:23:07,50.5205,20.5265,41.61,94,100,17.54,light rain
34,Havoysund,NO,2021-12-19 15:23:08,70.9963,24.6622,23.88,81,99,8.55,light snow
35,Necochea,AR,2021-12-19 15:23:09,-38.5473,-58.7368,81.03,32,9,8.23,clear sky
36,Taksimo,RU,2021-12-19 15:23:09,56.3444,114.8794,-10.98,85,100,5.37,overcast clouds
37,Adrar,MR,2021-12-19 15:23:10,20.5022,-10.0711,76.26,27,100,13.96,overcast clouds
38,Ekhinos,GR,2021-12-19 15:23:10,41.2833,24.9667,41.38,79,3,3.24,clear sky
39,Cockburn Town,TC,2021-12-19 15:23:11,21.4612,-71.1419,78.91,65,7,17.38,clear sky
40,Severo-Kurilsk,RU,2021-12-19 15:23:11,50.6789,156.125,27.1,92,100,13.27,snow
41,Erandio,ES,2021-12-19 15:23:12,43.3079,-2.945,61.32,50,0,5.75,clear sky
42,Airai,TL,2021-12-19 15:23:12,-8.9266,125.4092,62.94,95,73,2.21,broken clouds
43,Saskylakh,RU,2021-12-19 15:23:13,71.9167,114.0833,-3.91,97,100,15.14,overcast clouds
44,Geraldton,AU,2021-12-19 15:23:14,-28.7667,114.6,64.81,77,0,9.22,clear sky
45,Bengkulu,ID,2021-12-19 15:23:14,-3.8004,102.2655,76.64,89,100,4.0,overcast clouds
46,Pevek,RU,2021-12-19 15:23:14,69.7008,170.3133,-10.98,97,100,4.12,light snow
47,Asau,RO,2021-12-19 15:24:15,46.4333,26.4,38.75,86,54,6.42,broken clouds
48,Eureka,US,2021-12-19 15:24:16,40.8021,-124.1637,52.18,91,100,3.0,overcast clouds
49,New Norfolk,AU,2021-12-19 15:24:16,-42.7826,147.0587,51.93,61,90,5.01,overcast clouds
50,Mabaruma,GY,2021-12-19 15:24:17,8.2,-59.7833,82.4,78,75,4.61,broken clouds
51,Saint Simons,US,2021-12-19 15:24:18,31.1352,-81.3901,73.08,96,90,5.75,light rain
52,Kapaa,US,2021-12-19 15:22:02,22.0752,-159.319,75.52,75,40,12.66,light rain
53,Itaunja,IN,2021-12-19 15:24:19,27.0833,80.9167,53.58,41,0,6.62,clear sky
54,Bandar-E Lengeh,IR,2021-12-19 15:24:19,26.5579,54.8807,73.51,60,96,4.61,overcast clouds
55,East London,ZA,2021-12-19 15:22:02,-33.0153,27.9116,72.54,78,0,17.27,clear sky
56,Myre,NO,2021-12-19 15:24:20,69.1036,15.9492,37.35,65,100,26.87,overcast clouds
57,Marienburg,PL,2021-12-19 15:24:21,54.0359,19.0266,40.66,70,51,16.71,broken clouds
58,Lincoln,US,2021-12-19 15:24:21,40.8,-96.667,21.29,82,1,5.01,clear sky
59,Mitchell,US,2021-12-19 15:22:30,43.7094,-98.0298,20.1,75,1,11.01,clear sky
60,Fortuna,US,2021-12-19 15:24:22,40.5982,-124.1573,51.91,69,90,5.99,overcast clouds
61,Ferrol,ES,2021-12-19 15:24:22,43.4832,-8.2369,61.32,60,42,3.4,scattered clouds
62,Mongagua,BR,2021-12-19 15:20:44,-24.0931,-46.6208,79.93,79,93,7.4,overcast clouds
63,Kolosovka,RU,2021-12-19 15:24:23,56.4678,73.611,15.08,94,100,14.23,light snow
64,Ushuaia,AR,2021-12-19 15:21:37,-54.8,-68.3,44.26,70,75,20.71,broken clouds
65,Georgetown,MY,2021-12-19 15:23:04,5.4112,100.3354,78.89,83,20,4.61,moderate rain
66,Bluff,NZ,2021-12-19 15:24:24,-46.6,168.3333,68.81,57,49,25.01,scattered clouds
67,Cherskiy,RU,2021-12-19 15:24:25,68.75,161.3,-15.38,99,100,5.08,light snow
68,Ndende,GA,2021-12-19 15:24:25,-2.4008,11.3581,89.11,59,91,1.07,overcast clouds
69,Hermanus,ZA,2021-12-19 15:24:26,-34.4187,19.2345,77.81,59,66,19.55,broken clouds
70,Hobart,AU,2021-12-19 15:24:26,-42.8794,147.3294,52.27,65,90,3.0,overcast clouds
71,Batagay,RU,2021-12-19 15:24:27,67.6333,134.6333,-35.21,99,100,2.66,overcast clouds
72,Albany,US,2021-12-19 15:20:53,42.6001,-73.9662,29.75,78,100,11.01,overcast clouds
73,Raiwind,PK,2021-12-19 15:24:27,31.2544,74.2178,51.91,15,50,2.84,scattered clouds
74,Port Alfred,ZA,2021-12-19 15:24:28,-33.5906,26.891,73.02,74,24,26.62,few clouds
75,Payson,US,2021-12-19 15:24:28,40.0444,-111.7321,29.03,75,1,6.91,clear sky
76,Souillac,MU,2021-12-19 15:24:29,-20.5167,57.5167,81.36,78,20,5.75,few clouds
77,Villazon,BO,2021-12-19 15:24:29,-22.0866,-65.5942,60.17,48,78,6.93,broken clouds
78,Degtyarsk,RU,2021-12-19 15:24:30,56.704,60.0879,21.63,96,100,4.38,light snow
79,Lavrentiya,RU,2021-12-19 15:24:30,65.5833,-171.0,31.08,98,100,14.12,light snow
80,Mount Isa,AU,2021-12-19 15:24:30,-20.7333,139.5,76.77,65,100,3.44,light rain
81,Atar,MR,2021-12-19 15:24:31,20.5169,-13.0499,73.53,48,100,13.13,overcast clouds
82,Camacha,PT,2021-12-19 15:24:31,33.0833,-16.3333,65.62,77,20,19.57,few clouds
83,Kruisfontein,ZA,2021-12-19 15:24:32,-34.0033,24.7314,76.89,58,8,18.72,clear sky
84,Chabahar,IR,2021-12-19 15:24:32,25.2919,60.643,72.93,64,100,10.47,overcast clouds
85,Kieta,PG,2021-12-19 15:24:33,-6.2167,155.6333,80.06,84,100,3.44,light rain
86,Victoria,HK,2021-12-19 15:23:41,22.2855,114.1577,68.25,56,100,3.0,overcast clouds
87,Saint-Philippe,RE,2021-12-19 15:24:34,-21.3585,55.7679,81.99,81,59,4.88,broken clouds
88,Hilo,US,2021-12-19 15:24:34,19.7297,-155.09,71.28,46,90,4.61,light rain
89,Jalu,LY,2021-12-19 15:24:34,29.0331,21.5482,55.74,42,63,22.77,broken clouds
90,Salalah,OM,2021-12-19 15:24:35,17.0151,54.0924,77.09,65,75,6.91,broken clouds
91,Nouakchott,MR,2021-12-19 15:22:51,18.0858,-15.9785,73.33,44,100,15.1,overcast clouds
92,Terrasini,IT,2021-12-19 15:25:36,38.146,13.0844,54.97,63,0,8.05,clear sky
93,Tetiyiv,UA,2021-12-19 15:25:36,49.3767,29.6647,36.0,97,100,19.06,overcast clouds
94,Faanui,PF,2021-12-19 15:25:37,-16.4833,-151.75,79.59,76,70,8.39,broken clouds
95,Nhulunbuy,AU,2021-12-19 15:25:37,-12.2333,136.7667,84.81,74,40,5.75,scattered clouds
96,Lianyuan,CN,2021-12-19 15:25:37,27.6883,111.6642,49.26,34,58,1.03,broken clouds
97,Roald,NO,2021-12-19 15:25:38,62.5833,6.1333,38.34,93,75,2.3,broken clouds
98,Bukama,CD,2021-12-19 15:25:39,-9.2,25.85,86.56,59,9,1.86,clear sky
99,Jamestown,US,2021-12-19 15:22:32,42.097,-79.2353,29.52,84,90,8.01,light snow
100,Tuktoyaktuk,CA,2021-12-19 15:25:39,69.4541,-133.0374,-23.8,69,20,5.75,few clouds
101,Tessalit,ML,2021-12-19 15:25:40,20.1986,1.0114,81.12,12,1,17.29,clear sky
102,Atuona,PF,2021-12-19 15:21:47,-9.8,-139.0333,77.81,68,7,14.88,clear sky
103,Strezhevoy,RU,2021-12-19 15:25:41,60.7333,77.5889,-25.02,94,59,8.55,broken clouds
104,Isangel,VU,2021-12-19 15:25:41,-19.55,169.2667,78.91,94,75,4.61,broken clouds
105,Arraial Do Cabo,BR,2021-12-19 15:25:42,-22.9661,-42.0278,80.56,61,40,9.22,scattered clouds
106,Togur,RU,2021-12-19 15:25:42,58.3631,82.8265,-18.18,96,40,5.82,scattered clouds
107,Sao Jose Da Coroa Grande,BR,2021-12-19 15:25:43,-8.8978,-35.1478,84.38,66,17,10.67,few clouds
108,Pandan,PH,2021-12-19 15:25:43,14.0453,124.1694,78.82,89,96,9.62,overcast clouds
109,Carnarvon,AU,2021-12-19 15:25:44,-24.8667,113.6333,73.47,73,6,19.57,clear sky
110,Ponta Do Sol,PT,2021-12-19 15:25:44,32.6667,-17.1,70.72,75,58,13.73,broken clouds
111,Marsh Harbour,BS,2021-12-19 15:25:45,26.5412,-77.0636,78.04,72,3,16.13,clear sky
112,Constitucion,CL,2021-12-19 15:25:45,-35.3333,-72.4167,70.12,57,3,8.61,clear sky
113,Qaanaaq,GL,2021-12-19 15:25:46,77.484,-69.3632,15.3,57,63,8.77,broken clouds
114,Matagami,CA,2021-12-19 15:25:46,49.7502,-77.6328,-7.49,77,20,4.61,few clouds
115,Padre Bernardo,BR,2021-12-19 15:25:47,-15.35,-48.5,80.04,72,77,4.61,broken clouds
116,Khor,RU,2021-12-19 15:25:47,47.8861,134.9464,-10.86,99,98,2.82,overcast clouds
117,Tiznit,MA,2021-12-19 15:25:48,29.5833,-9.5,71.44,30,0,12.53,clear sky
118,Eltham,NZ,2021-12-19 15:25:48,-39.4292,174.3,53.44,96,23,3.38,few clouds
119,Ostrovnoy,RU,2021-12-19 15:25:48,68.0531,39.5131,17.89,77,100,13.85,light snow
120,Indianola,US,2021-12-19 15:25:49,41.3581,-93.5574,23.49,84,2,9.13,clear sky
121,Dikson,RU,2021-12-19 15:25:49,73.5069,80.5464,-28.21,98,74,4.27,broken clouds
122,Cayenne,GF,2021-12-19 15:25:50,4.9333,-52.3333,87.84,81,40,4.0,scattered clouds
123,Dong Hoi,VN,2021-12-19 15:25:50,17.4833,106.6,64.54,75,100,13.98,moderate rain
124,Berlevag,NO,2021-12-19 15:25:51,70.8578,29.0864,22.8,76,100,12.21,light snow
125,Khatanga,RU,2021-12-19 15:25:51,71.9667,102.5,-18.11,95,99,10.38,overcast clouds
126,Sorland,NO,2021-12-19 15:22:14,67.667,12.6934,42.66,65,40,46.98,scattered clouds
127,Craig,US,2021-12-19 15:24:10,40.5153,-107.5464,17.55,78,1,0.0,clear sky
128,Nemuro,JP,2021-12-19 15:25:53,43.3236,145.575,29.23,56,6,7.36,clear sky
129,Gimli,CA,2021-12-19 15:25:53,50.6336,-96.9907,14.02,73,100,25.32,snow
130,Longyearbyen,SJ,2021-12-19 15:25:53,78.2186,15.6401,28.24,93,75,0.0,light snow
131,Milkovo,RU,2021-12-19 15:25:54,54.7167,158.6167,-2.7,93,100,2.08,overcast clouds
132,Verkhnyaya Balkariya,RU,2021-12-19 15:25:54,43.1279,43.4573,23.92,85,92,11.86,overcast clouds
133,Monrovia,LR,2021-12-19 15:24:40,6.3005,-10.7969,91.17,67,25,10.27,scattered clouds
134,Mahebourg,MU,2021-12-19 15:25:55,-20.4081,57.7,81.25,78,20,5.75,few clouds
135,Caraballeda,VE,2021-12-19 15:25:56,10.6112,-66.8522,85.37,58,28,10.94,scattered clouds
136,Flin Flon,CA,2021-12-19 15:25:56,54.7682,-101.865,-0.56,78,90,6.91,light snow
137,Viedma,AR,2021-12-19 15:26:58,-40.8135,-62.9967,85.24,22,0,8.55,clear sky
138,Laguna,US,2021-12-19 15:26:58,38.421,-121.4238,43.75,91,90,0.0,mist
139,Rincon,US,2021-12-19 15:23:31,32.296,-81.2354,68.45,100,90,6.91,mist
140,Te Anau,NZ,2021-12-19 15:26:59,-45.4167,167.7167,58.03,79,99,9.15,overcast clouds
141,Yulara,AU,2021-12-19 15:27:00,-25.2406,130.9889,84.04,21,0,10.36,clear sky
142,San Andres,CO,2021-12-19 15:27:00,12.5847,-81.7006,78.82,89,75,10.36,broken clouds
143,Waingapu,ID,2021-12-19 15:27:01,-9.6567,120.2641,82.17,82,88,0.6,overcast clouds
144,Tiksi,RU,2021-12-19 15:27:01,71.6872,128.8694,-18.6,100,100,6.15,overcast clouds
145,Meulaboh,ID,2021-12-19 15:27:02,4.1363,96.1285,76.08,90,100,9.62,overcast clouds
146,Cabo San Lucas,MX,2021-12-19 15:27:02,22.8909,-109.9124,70.52,81,40,4.61,scattered clouds
147,Los Llanos De Aridane,ES,2021-12-19 15:27:03,28.6585,-17.9182,71.35,78,20,5.01,few clouds
148,Acarau,BR,2021-12-19 15:27:03,-2.8856,-40.12,88.99,55,86,17.43,overcast clouds
149,Hofn,IS,2021-12-19 15:27:04,64.2539,-15.2082,35.62,100,75,2.3,mist
150,Acapulco,MX,2021-12-19 15:27:04,16.8634,-99.8901,78.62,73,40,6.91,scattered clouds
151,Banyo,CM,2021-12-19 15:27:05,6.75,11.8167,87.6,20,38,5.01,scattered clouds
152,Vardo,NO,2021-12-19 15:27:05,70.3705,31.1107,23.2,64,100,17.92,light snow
153,Walvis Bay,NA,2021-12-19 15:27:06,-22.9575,14.5053,69.1,62,6,11.14,clear sky
154,Haines Junction,CA,2021-12-19 15:27:07,60.7522,-137.5108,-9.45,77,40,1.14,scattered clouds
155,Esperance,AU,2021-12-19 15:27:07,-33.8667,121.9,57.04,73,0,3.69,clear sky
156,Thompson,CA,2021-12-19 15:26:33,55.7435,-97.8558,-7.44,84,90,6.91,light snow
157,Tarko-Sale,RU,2021-12-19 15:27:08,64.9225,77.785,-35.36,97,15,8.34,few clouds
158,Beringovskiy,RU,2021-12-19 15:27:08,63.05,179.3167,31.19,78,100,29.26,overcast clouds
159,Muslyumovo,RU,2021-12-19 15:27:09,55.3033,53.1947,14.94,98,94,5.53,overcast clouds
160,Serov,RU,2021-12-19 15:27:09,59.6033,60.5787,4.32,95,100,10.2,light snow
161,Bayir,TR,2021-12-19 15:27:10,37.2687,28.2167,46.92,97,99,3.87,overcast clouds
162,Lazaro Cardenas,MX,2021-12-19 15:27:10,17.9583,-102.2,78.08,66,99,2.59,overcast clouds
163,Oyem,GA,2021-12-19 15:27:11,1.5995,11.5793,80.85,64,99,2.68,overcast clouds
164,Ventspils,LV,2021-12-19 15:27:11,57.3894,21.5606,39.13,75,75,18.41,broken clouds
165,Nanga Eboko,CM,2021-12-19 15:27:11,4.6833,12.3667,94.96,21,50,0.58,scattered clouds
166,Lompoc,US,2021-12-19 15:27:12,34.6391,-120.4579,46.53,96,90,8.05,fog
167,Morondava,MG,2021-12-19 15:27:13,-20.2833,44.2833,81.97,72,20,15.19,few clouds
168,Xuzhou,CN,2021-12-19 15:27:13,34.1805,117.1571,42.84,40,0,6.96,clear sky
169,Tailai,CN,2021-12-19 15:27:14,46.3833,123.4,14.36,82,100,6.62,overcast clouds
170,Port Elizabeth,ZA,2021-12-19 15:27:14,-33.918,25.5701,79.11,73,0,21.85,clear sky
171,Hithadhoo,MV,2021-12-19 15:27:15,-0.6,73.0833,83.48,69,99,4.05,overcast clouds
172,Milove,UA,2021-12-19 15:27:15,49.3787,40.1302,30.2,85,100,23.35,overcast clouds
173,Nanortalik,GL,2021-12-19 15:27:16,60.1432,-45.2371,40.08,64,100,26.82,overcast clouds
174,Codrington,AU,2021-12-19 15:27:16,-38.2667,141.9667,51.8,69,96,10.49,overcast clouds
175,Datong,CN,2021-12-19 15:27:17,40.0936,113.2914,26.28,45,3,7.63,clear sky
176,Merauke,ID,2021-12-19 15:25:05,-8.4667,140.3333,78.87,84,27,7.16,scattered clouds
177,Tupik,RU,2021-12-19 15:27:19,54.4253,119.9327,-4.34,99,100,2.04,light snow
178,Santona,ES,2021-12-19 15:27:19,43.4439,-3.4576,61.34,67,0,2.19,clear sky
179,Kavieng,PG,2021-12-19 15:27:20,-2.5744,150.7967,80.74,80,97,3.71,moderate rain
180,Verkhoyansk,RU,2021-12-19 15:27:20,67.5447,133.385,-28.01,99,100,1.7,overcast clouds
181,Chuy,UY,2021-12-19 15:27:21,-33.6971,-53.4616,79.03,48,0,13.58,clear sky
182,Helong,CN,2021-12-19 15:28:21,42.5397,128.9972,18.75,72,4,6.58,clear sky
183,Rae Bareli,IN,2021-12-19 15:28:22,26.2167,81.2333,53.73,35,0,6.98,clear sky
184,Yarada,IN,2021-12-19 15:28:22,17.65,83.2667,70.12,83,0,2.3,mist
185,Zhigansk,RU,2021-12-19 15:28:23,66.7697,123.3711,-45.44,98,100,3.49,overcast clouds
186,Vestmanna,FO,2021-12-19 15:28:23,62.1564,-7.1664,40.12,93,90,6.91,overcast clouds
187,Kalmunai,LK,2021-12-19 15:28:24,7.4167,81.8167,78.08,78,92,10.4,overcast clouds
188,Yenagoa,NG,2021-12-19 15:28:24,4.9247,6.2642,95.32,23,70,3.06,broken clouds
189,Coihaique,CL,2021-12-19 15:28:02,-45.5752,-72.0662,70.41,46,20,6.91,few clouds
190,Castro,BR,2021-12-19 15:28:25,-24.7911,-50.0119,73.02,56,77,6.53,broken clouds
191,Nalut,LY,2021-12-19 15:28:25,30.3333,10.85,56.66,43,0,9.06,clear sky
192,Juiz De Fora,BR,2021-12-19 15:28:26,-21.7642,-43.3503,74.48,72,93,5.21,overcast clouds
193,Ocampo,MX,2021-12-19 15:28:26,21.65,-101.5,55.33,64,47,3.4,scattered clouds
194,Sitka,US,2021-12-19 15:28:27,57.0531,-135.33,30.09,80,75,0.0,broken clouds
195,Saint-Augustin,CA,2021-12-19 15:28:27,51.226,-58.6502,12.9,65,0,15.73,clear sky
196,Praia Da Vitoria,PT,2021-12-19 15:28:28,38.7333,-27.0667,62.76,94,40,5.95,scattered clouds
197,Moindou,NC,2021-12-19 15:28:29,-21.6924,165.677,73.35,82,2,2.68,clear sky
198,Westport,US,2021-12-19 15:28:18,41.1415,-73.3579,39.9,68,1,5.99,clear sky
199,Torrington,US,2021-12-19 15:28:29,41.8007,-73.1212,36.48,82,100,8.01,overcast clouds
200,Kaitangata,NZ,2021-12-19 15:28:30,-46.2817,169.8464,58.37,69,86,6.46,overcast clouds
201,Hit,IQ,2021-12-19 15:28:30,33.6416,42.8251,60.53,36,5,4.03,clear sky
202,Klaksvik,FO,2021-12-19 15:28:31,62.2266,-6.589,41.92,74,98,10.47,overcast clouds
203,Kungurtug,RU,2021-12-19 15:28:31,50.5994,97.5228,2.05,94,69,2.68,broken clouds
204,Mayo,US,2021-12-19 15:28:32,38.8876,-76.5119,45.01,57,90,14.0,overcast clouds
205,Upernavik,GL,2021-12-19 15:28:32,72.7868,-56.1549,28.58,77,100,7.61,overcast clouds
206,Baruun-Urt,MN,2021-12-19 15:28:33,46.6806,113.2792,10.76,85,89,9.69,overcast clouds
207,Padang,ID,2021-12-19 15:28:33,-0.9492,100.3543,80.65,88,99,4.47,overcast clouds
208,Komsomolskiy,UZ,2021-12-19 15:28:34,40.4272,71.7189,38.62,56,100,0.0,haze
209,Sao Joao Da Barra,BR,2021-12-19 15:28:34,-21.6403,-41.0511,75.29,70,82,14.27,broken clouds
210,Bredasdorp,ZA,2021-12-19 15:28:35,-34.5322,20.0403,77.29,64,47,16.11,scattered clouds
211,Alice Springs,AU,2021-12-19 15:28:35,-23.7,133.8833,85.55,20,0,10.36,clear sky
212,Hokitika,NZ,2021-12-19 15:28:36,-42.7167,170.9667,54.54,91,21,4.99,few clouds
213,Nikolskoye,RU,2021-12-19 15:28:36,59.7035,30.7861,26.49,92,100,9.89,overcast clouds
214,Ilulissat,GL,2021-12-19 15:28:37,69.2167,-51.1,37.42,52,40,21.85,scattered clouds
215,Boyaca,TR,2021-12-19 15:28:37,38.6227,38.2402,42.58,90,100,3.29,light rain
216,Port Blair,IN,2021-12-19 15:28:37,11.6667,92.75,80.6,75,94,10.96,overcast clouds
217,Haimen,CN,2021-12-19 15:28:38,23.1935,116.6142,62.49,63,100,22.06,overcast clouds
218,Mangrol,IN,2021-12-19 15:28:38,21.1167,70.1167,72.48,48,3,2.57,clear sky
219,Basco,PH,2021-12-19 15:28:39,20.4487,121.9702,73.26,76,100,28.48,overcast clouds
220,Kailua,US,2021-12-19 15:28:39,21.4022,-157.7394,73.38,74,90,11.5,light rain
221,Ribas Do Rio Pardo,BR,2021-12-19 15:28:40,-20.4431,-53.7592,83.26,69,83,9.75,broken clouds
222,Kodiak,US,2021-12-19 15:28:40,57.79,-152.4072,24.31,80,1,3.44,clear sky
223,Chenove,FR,2021-12-19 15:28:41,47.2932,5.0046,37.0,93,90,6.91,overcast clouds
224,Boguchar,RU,2021-12-19 15:28:41,49.9358,40.545,30.81,88,100,23.98,overcast clouds
225,Aswan,EG,2021-12-19 15:28:42,24.0934,32.907,61.95,26,91,3.36,overcast clouds
226,Volot,RU,2021-12-19 15:28:43,57.9278,30.7025,24.37,89,100,12.41,overcast clouds
227,Bow Island,CA,2021-12-19 15:28:43,49.8668,-111.3684,14.02,85,84,0.0,broken clouds
228,Kirovskiy,RU,2021-12-19 15:28:43,45.0917,133.5136,1.31,95,83,4.54,broken clouds
229,Tolosa,FR,2021-12-19 15:29:44,43.6043,1.4437,57.18,58,0,4.61,clear sky
230,Sioux Lookout,CA,2021-12-19 15:25:47,50.1001,-91.917,7.18,85,90,12.66,light snow
231,Port Lincoln,AU,2021-12-19 15:29:45,-34.7333,135.8667,56.71,69,5,7.0,clear sky
232,Primorsk,UA,2021-12-19 15:29:45,46.7348,36.3443,39.87,68,100,24.29,overcast clouds
233,Wanlaweyn,SO,2021-12-19 15:29:46,2.6185,44.8938,86.52,56,92,19.3,light rain
234,Devils Lake,US,2021-12-19 15:29:46,48.1128,-98.8651,19.51,81,90,17.0,overcast clouds
235,Mehamn,NO,2021-12-19 15:29:47,71.0357,27.8492,25.3,71,100,8.7,overcast clouds
236,Porto Murtinho,BR,2021-12-19 15:29:47,-21.6989,-57.8825,98.15,39,55,5.44,broken clouds
237,Mar Del Plata,AR,2021-12-19 15:29:26,-38.0023,-57.5575,80.62,67,0,11.99,clear sky
238,Tasiilaq,GL,2021-12-19 15:29:48,65.6145,-37.6368,26.76,93,87,6.06,overcast clouds
239,Anqing,CN,2021-12-19 15:29:48,30.5092,117.0506,47.03,39,36,4.03,scattered clouds
240,North Bend,US,2021-12-19 15:29:49,43.4065,-124.2243,51.71,95,90,10.36,light rain
241,Kununurra,AU,2021-12-19 15:29:49,-15.7667,128.7333,85.98,74,99,6.91,overcast clouds
242,Aykhal,RU,2021-12-19 15:29:50,66.0,111.5,-39.59,100,100,10.18,overcast clouds
243,Piacabucu,BR,2021-12-19 15:29:50,-10.4056,-36.4344,87.13,54,95,13.98,overcast clouds
244,Riohacha,CO,2021-12-19 15:29:51,11.5444,-72.9072,87.91,51,20,18.41,few clouds
245,Hrodna,BY,2021-12-19 15:29:51,53.6884,23.8258,35.46,86,75,17.9,broken clouds
246,Requena,ES,2021-12-19 15:29:04,39.4883,-1.1004,53.69,66,92,4.38,overcast clouds
247,Gunjur,GM,2021-12-19 15:29:52,13.2019,-16.7339,84.27,39,95,18.41,overcast clouds
248,Jennings,US,2021-12-19 15:29:52,38.7192,-90.2604,30.78,85,1,1.01,clear sky
249,Dubbo,AU,2021-12-19 15:25:33,-32.25,148.6167,66.33,94,90,6.91,overcast clouds
250,Coquimbo,CL,2021-12-19 15:29:53,-29.9533,-71.3436,60.53,88,90,6.91,overcast clouds
251,Aquiraz,BR,2021-12-19 15:29:54,-3.9014,-38.3911,87.89,60,61,14.25,broken clouds
252,College,US,2021-12-19 15:29:54,64.8569,-147.8028,17.55,79,90,0.0,light snow
253,Fairbanks,US,2021-12-19 15:29:55,64.8378,-147.7164,17.56,79,90,0.0,light snow
254,Husavik,IS,2021-12-19 15:29:55,66.0449,-17.3389,44.51,84,99,13.11,overcast clouds
255,Madang,PG,2021-12-19 15:29:56,-5.2246,145.7966,75.52,93,100,5.73,overcast clouds
256,Zyryanka,RU,2021-12-19 15:29:56,65.75,150.85,-38.81,98,100,5.41,overcast clouds
257,Svay Rieng,KH,2021-12-19 15:29:57,11.0879,105.7993,75.45,67,100,7.4,overcast clouds
258,Aklavik,CA,2021-12-19 15:29:57,68.2191,-135.0107,-9.4,84,75,3.44,broken clouds
259,Ponta Delgada,PT,2021-12-19 15:29:58,37.7333,-25.6667,63.5,94,40,18.41,scattered clouds
260,San Quintin,MX,2021-12-19 15:29:58,30.4833,-115.95,52.83,51,0,0.49,clear sky
261,La Ronge,CA,2021-12-19 15:29:58,55.1001,-105.2842,-1.95,78,75,4.61,light snow
262,Khani,GE,2021-12-19 15:29:59,41.9563,42.9566,36.97,90,100,3.6,overcast clouds
263,Bethel,US,2021-12-19 15:29:59,41.3712,-73.414,38.48,67,1,1.01,clear sky
264,Frontera,MX,2021-12-19 15:30:00,26.9333,-101.45,46.33,61,90,9.22,overcast clouds
265,Provideniya,RU,2021-12-19 15:30:00,64.3833,-173.3,35.17,99,100,20.31,overcast clouds
266,Iskateley,RU,2021-12-19 15:30:01,67.6803,53.1512,-23.12,94,13,8.1,few clouds
267,Terrace,CA,2021-12-19 15:30:01,54.5163,-128.6035,10.31,78,20,20.71,few clouds
268,Katubao,PH,2021-12-19 15:30:02,5.8892,124.8294,80.33,82,95,3.51,overcast clouds
269,Niamey,NE,2021-12-19 15:30:03,13.5137,2.1098,86.29,10,0,14.97,clear sky
270,Salima,MW,2021-12-19 15:30:03,-13.7804,34.4587,81.55,61,65,6.64,broken clouds
271,Barlad,RO,2021-12-19 15:30:04,46.2333,27.6667,42.24,66,92,3.49,overcast clouds
272,Hagere Selam,ET,2021-12-19 15:30:05,6.4833,38.5167,52.3,88,90,4.34,moderate rain
273,Saint-Pierre,RE,2021-12-19 15:30:06,-21.3393,55.4781,82.08,67,0,12.66,clear sky
274,Imbituba,BR,2021-12-19 15:30:07,-28.24,-48.6703,76.89,53,6,13.02,clear sky
275,Gizo,SB,2021-12-19 15:30:08,-8.103,156.8419,80.26,79,95,3.04,light rain
276,Aden,YE,2021-12-19 15:29:13,12.7794,45.0367,78.62,65,57,14.29,broken clouds
277,Takoradi,GH,2021-12-19 15:27:18,4.8845,-1.7554,84.78,61,48,10.58,scattered clouds
278,Saint George,US,2021-12-19 15:30:02,37.1041,-113.5841,30.67,86,1,0.0,clear sky
279,Grindavik,IS,2021-12-19 15:31:10,63.8424,-22.4338,46.35,100,90,13.8,overcast clouds
280,Kasangulu,CD,2021-12-19 15:31:10,-4.5911,15.1708,94.14,76,100,1.77,light rain
281,Olavarria,AR,2021-12-19 15:31:11,-36.8927,-60.3225,83.01,55,37,6.82,scattered clouds
282,At-Bashi,KG,2021-12-19 15:31:11,41.1702,75.8106,19.65,59,100,2.66,overcast clouds
283,Terra Santa,BR,2021-12-19 15:31:12,-2.1042,-56.4869,91.33,52,98,5.57,overcast clouds
284,Northam,GB,2021-12-19 15:31:12,51.0333,-4.2167,49.68,95,8,8.5,clear sky
285,Maceio,BR,2021-12-19 15:31:13,-9.6658,-35.7353,90.84,58,40,14.97,scattered clouds
286,Murray Bridge,AU,2021-12-19 15:31:13,-35.1167,139.2667,57.69,67,41,6.58,scattered clouds
287,Ngunguru,NZ,2021-12-19 15:31:14,-35.6167,174.5,55.17,88,4,4.76,clear sky
288,Storebo,NO,2021-12-19 15:31:14,60.0948,5.2271,40.26,78,3,1.01,clear sky
289,Port-Gentil,GA,2021-12-19 15:31:15,-0.7193,8.7815,85.96,74,40,10.36,moderate rain
290,Arona,ES,2021-12-19 15:31:15,28.0996,-16.681,68.83,76,40,18.41,scattered clouds
291,Gilgit,PK,2021-12-19 15:31:16,35.9221,74.3087,29.39,31,0,0.6,clear sky
292,Kalabo,ZM,2021-12-19 15:31:16,-14.97,22.6814,69.21,86,100,4.85,overcast clouds
293,Prince Rupert,CA,2021-12-19 15:27:56,54.3161,-130.3201,33.49,82,1,6.91,clear sky
294,Shangrao,CN,2021-12-19 15:31:17,28.4532,117.9686,46.04,55,66,2.33,broken clouds
295,Lata,PT,2021-12-19 15:31:17,40.1629,-8.3327,63.07,55,64,10.11,broken clouds
296,Kroonstad,ZA,2021-12-19 15:31:18,-27.6504,27.2349,66.76,71,63,5.37,light rain
297,Juneau,US,2021-12-19 15:30:14,58.3019,-134.4197,27.21,94,75,0.0,broken clouds
298,Vestmannaeyjar,IS,2021-12-19 15:31:18,63.4427,-20.2734,45.59,93,90,10.36,fog
299,Havre-Saint-Pierre,CA,2021-12-19 15:31:19,50.2334,-63.5986,18.19,67,20,11.5,few clouds
300,Makakilo City,US,2021-12-19 15:31:19,21.3469,-158.0858,71.92,82,75,5.75,light rain
301,Vila Franca Do Campo,PT,2021-12-19 15:31:20,37.7167,-25.4333,63.19,83,90,14.9,overcast clouds
302,Araouane,ML,2021-12-19 15:31:20,18.9048,-3.5265,83.19,10,58,17.47,broken clouds
303,Polunochnoye,RU,2021-12-19 15:31:21,60.8697,60.4153,-4.65,97,100,10.09,light snow
304,Ulagan,RU,2021-12-19 15:31:21,50.6321,87.9563,10.89,83,98,2.91,overcast clouds
305,Mitsamiouli,KM,2021-12-19 15:31:22,-11.3847,43.2844,84.49,74,75,4.61,broken clouds
306,Hambantota,LK,2021-12-19 15:31:22,6.1241,81.1185,79.14,94,40,6.91,scattered clouds
307,Valle Hermoso,MX,2021-12-19 15:31:23,25.6667,-97.8333,53.92,58,100,17.11,light rain
308,Kaeo,NZ,2021-12-19 15:31:24,-35.1,173.7833,55.33,92,3,2.91,clear sky
309,Nantucket,US,2021-12-19 15:31:09,41.2835,-70.0995,39.96,93,90,23.02,mist
310,Porto Seguro,BR,2021-12-19 15:31:25,-16.4497,-39.0647,82.92,74,40,9.22,light rain
311,Doha,QA,2021-12-19 15:26:36,25.2867,51.5333,75.18,62,0,9.22,clear sky
312,Flinders,AU,2021-12-19 15:31:25,-34.5833,150.8552,70.21,77,44,5.48,scattered clouds
313,Arroyo,ES,2021-12-19 15:31:26,41.6096,-4.7969,53.6,67,0,4.61,clear sky
314,Beloha,MG,2021-12-19 15:31:26,-25.1667,45.05,68.65,58,80,11.5,broken clouds
315,Turbat,PK,2021-12-19 15:27:48,26.0023,63.044,70.07,56,99,7.49,overcast clouds
316,Bayji,IQ,2021-12-19 15:31:28,34.9311,43.487,59.61,43,3,6.51,clear sky
317,Edd,ER,2021-12-19 15:31:28,13.9297,41.6925,82.35,60,41,19.62,scattered clouds
318,Egvekinot,RU,2021-12-19 15:31:29,66.3167,-179.1667,20.03,99,100,10.54,snow
319,Namatanai,PG,2021-12-19 15:31:29,-3.6667,152.4333,79.63,82,99,1.28,overcast clouds
320,Cabra,ES,2021-12-19 15:31:30,37.4725,-4.4421,63.84,50,95,1.77,overcast clouds
321,Matoury,GF,2021-12-19 15:30:07,4.8483,-52.3317,87.76,66,40,12.66,light rain
322,Tual,ID,2021-12-19 15:31:31,-5.6667,132.75,83.75,72,34,2.53,scattered clouds
323,Erzin,TR,2021-12-19 15:32:31,36.9559,36.2,50.72,85,99,12.28,moderate rain
324,Praya,CV,2021-12-19 15:32:32,14.9215,-23.5087,75.74,73,90,13.8,overcast clouds
325,Topolobampo,MX,2021-12-19 15:32:32,25.6,-109.05,53.51,82,1,8.05,mist
326,Mount Gambier,AU,2021-12-19 15:32:33,-37.8333,140.7667,49.91,87,75,8.05,broken clouds
327,Mabay,PH,2021-12-19 15:32:33,6.0577,124.4666,78.89,85,74,3.49,broken clouds
328,Zhanakorgan,KZ,2021-12-19 15:32:34,43.9098,67.2495,44.49,45,96,11.07,overcast clouds
329,Angermunde,DE,2021-12-19 15:32:34,53.015,13.9992,45.05,80,100,7.36,overcast clouds
330,Henties Bay,NA,2021-12-19 15:32:35,-22.116,14.2845,68.86,71,8,8.28,clear sky
331,Bilma,NE,2021-12-19 15:32:35,18.6853,12.9164,70.11,17,0,11.34,clear sky
332,Broken Hill,AU,2021-12-19 15:31:23,-31.95,141.4333,64.11,42,81,17.27,broken clouds
333,Abnub,EG,2021-12-19 15:32:36,27.2696,31.1511,58.71,40,43,6.55,scattered clouds
334,Taoudenni,ML,2021-12-19 15:32:37,22.6783,-3.9836,85.82,11,33,8.66,scattered clouds
335,Elizabeth City,US,2021-12-19 15:32:37,36.2946,-76.2511,50.02,93,90,1.99,light rain
336,Yuanping,CN,2021-12-19 15:32:38,38.7153,112.7575,29.16,38,58,2.17,broken clouds
337,Ahipara,NZ,2021-12-19 15:32:38,-35.1667,173.1667,57.11,86,0,1.01,clear sky
338,Snasa,NO,2021-12-19 15:32:39,64.2457,12.3778,36.86,94,98,10.51,overcast clouds
339,Virginia Beach,US,2021-12-19 15:28:34,36.8529,-75.978,48.02,92,100,3.0,moderate rain
340,Gushikawa,JP,2021-12-19 15:32:40,26.3544,127.8686,58.23,72,90,5.75,overcast clouds
341,Guerrero Negro,MX,2021-12-19 15:32:40,27.9769,-114.0611,57.6,34,0,2.3,clear sky
342,San Cristobal,VE,2021-12-19 15:32:41,7.7669,-72.225,73.58,50,97,4.59,overcast clouds
343,Hami,CN,2021-12-19 15:32:41,42.8,93.45,24.24,51,0,0.27,clear sky
344,Nizhnyaya Omka,RU,2021-12-19 15:32:42,55.4338,74.9426,20.61,95,100,11.79,light snow
345,Honiara,SB,2021-12-19 15:31:22,-9.4333,159.95,77.59,87,100,1.9,overcast clouds
346,Mandera,KE,2021-12-19 15:32:42,3.9366,41.867,91.04,34,44,16.53,scattered clouds
347,Saint-Joseph,RE,2021-12-19 15:32:43,-21.3667,55.6167,80.98,76,48,5.73,scattered clouds
348,Ambilobe,MG,2021-12-19 15:32:43,-13.2,49.05,80.78,80,32,3.11,scattered clouds
349,Port Hardy,CA,2021-12-19 15:30:19,50.6996,-127.4199,37.4,100,90,5.75,overcast clouds
350,Bugulma,RU,2021-12-19 15:32:44,54.55,52.8,14.61,100,95,6.29,overcast clouds
351,Rocha,UY,2021-12-19 15:32:44,-34.4833,-54.3333,86.52,29,10,11.25,clear sky
352,Vila Velha,BR,2021-12-19 15:32:33,-20.3297,-40.2925,78.75,82,90,10.0,overcast clouds
353,Narsipatnam,IN,2021-12-19 15:32:45,17.6667,82.6167,69.21,76,1,3.04,clear sky
354,Antofagasta,CL,2021-12-19 15:32:46,-23.65,-70.4,73.22,57,96,9.1,overcast clouds
355,Ghanzi,BW,2021-12-19 15:32:46,-21.5667,21.7833,84.99,33,100,9.71,overcast clouds
356,Yatou,CN,2021-12-19 15:32:47,37.15,122.3833,36.32,60,81,8.1,broken clouds
357,Harnosand,SE,2021-12-19 15:32:47,62.6323,17.9379,37.99,77,72,18.25,broken clouds
358,Manhattan,US,2021-12-19 15:31:03,40.7834,-73.9662,40.6,64,75,11.5,broken clouds
359,Puerto Madero,MX,2021-12-19 15:32:48,14.7208,-92.4215,82.6,89,1,5.75,clear sky
360,Yelkhovka,RU,2021-12-19 15:32:49,53.8667,50.2832,25.56,93,100,9.71,overcast clouds
361,Sulangan,PH,2021-12-19 15:32:49,11.1373,123.7228,81.36,81,68,13.51,broken clouds
362,Yining,CN,2021-12-19 15:32:50,29.0361,114.5636,46.18,47,100,1.66,overcast clouds
363,Noumea,NC,2021-12-19 15:30:06,-22.2763,166.4572,80.01,99,22,8.68,few clouds
364,Saldanha,ZA,2021-12-19 15:32:50,-33.0117,17.9442,67.69,76,80,13.4,broken clouds
365,Kruszwica,PL,2021-12-19 15:32:51,52.6756,18.3313,39.31,100,88,13.29,overcast clouds
366,Tommot,RU,2021-12-19 15:32:51,58.9564,126.2925,-20.02,98,100,3.11,overcast clouds
367,Kahului,US,2021-12-19 15:30:32,20.8947,-156.47,73.85,86,75,18.41,broken clouds
368,Humaita,BR,2021-12-19 15:33:52,-7.5061,-63.0208,79.25,91,100,3.76,overcast clouds
369,Bontang,ID,2021-12-19 15:33:52,0.1333,117.5,77.68,86,100,3.51,overcast clouds
370,Eyl,SO,2021-12-19 15:33:53,7.9803,49.8164,78.22,77,24,18.23,few clouds
371,Nakhon Phanom,TH,2021-12-19 15:33:54,17.3333,104.4167,59.36,63,76,5.14,broken clouds
372,Kaohsiung,TW,2021-12-19 15:29:41,22.6163,120.3133,69.75,67,75,5.75,broken clouds
373,San Patricio,US,2021-12-19 15:33:54,28.017,-97.5169,51.64,52,100,14.54,light rain
374,Alta Floresta,BR,2021-12-19 15:33:55,-9.8756,-56.0861,89.42,58,75,4.61,broken clouds
375,Provost,CA,2021-12-19 15:33:55,52.3501,-110.2683,2.62,88,100,16.31,overcast clouds
376,Pisco,PE,2021-12-19 15:33:56,-13.7,-76.2167,67.01,88,90,9.22,mist
377,Gayeri,BF,2021-12-19 15:33:56,12.6497,0.4931,86.25,11,35,16.02,scattered clouds
378,Pineville,US,2021-12-19 15:29:49,31.3224,-92.4343,44.74,81,90,5.75,overcast clouds
379,Bay Roberts,CA,2021-12-19 15:33:57,47.5999,-53.2648,25.34,67,38,10.0,scattered clouds
380,Devonport,AU,2021-12-19 15:32:04,-41.1667,146.35,52.09,66,48,18.34,scattered clouds
381,Kutum,SD,2021-12-19 15:33:58,14.2,24.6667,70.63,23,5,7.34,clear sky
382,Conde,BR,2021-12-19 15:33:58,-7.2597,-34.9075,87.26,62,40,11.5,scattered clouds
383,Matinha,BR,2021-12-19 15:33:59,-3.1006,-45.0336,85.96,67,97,6.82,overcast clouds
384,Valparaiso,CL,2021-12-19 15:30:18,-33.0393,-71.6273,66.43,69,20,6.91,few clouds
385,Guaratinga,BR,2021-12-19 15:34:04,-16.5667,-39.5667,81.27,56,100,2.01,light rain
386,Nesbyen,NO,2021-12-19 15:34:04,60.5681,9.1027,16.09,95,19,4.83,few clouds
387,Tuatapere,NZ,2021-12-19 15:34:05,-46.1333,167.6833,68.83,62,82,16.26,broken clouds
388,Ribeira Grande,PT,2021-12-19 15:34:05,38.5167,-28.7,64.8,63,40,10.36,scattered clouds
389,Uige,AO,2021-12-19 15:34:06,-7.6087,15.0613,75.69,90,85,0.36,light rain
390,Avera,US,2021-12-19 15:34:06,33.194,-82.5271,66.07,89,100,6.96,overcast clouds
391,Sibolga,ID,2021-12-19 15:34:07,1.7427,98.7792,75.22,89,100,2.42,overcast clouds
392,Fontem,CM,2021-12-19 15:34:07,5.4685,9.8818,86.63,29,35,2.59,scattered clouds
393,Yerbogachen,RU,2021-12-19 15:34:07,61.2767,108.0108,-43.87,100,72,3.06,broken clouds
394,Khirkiya,IN,2021-12-19 15:34:08,22.1674,76.8605,56.61,29,0,7.05,clear sky
395,Fort Nelson,CA,2021-12-19 15:34:09,58.8053,-122.7002,-26.01,68,20,2.3,few clouds
396,Xiaoyi,CN,2021-12-19 15:34:09,34.6178,109.703,41.9,32,0,4.99,clear sky
397,Miandoab,IR,2021-12-19 15:34:10,36.9694,46.1027,41.38,70,3,7.76,clear sky
398,Green River,US,2021-12-19 15:34:10,41.5286,-109.4662,18.0,79,27,3.51,scattered clouds
399,Cidreira,BR,2021-12-19 15:34:11,-30.1811,-50.2056,74.66,64,0,19.62,clear sky
400,Andenes,NO,2021-12-19 15:34:11,69.3143,16.1194,37.38,70,40,29.93,scattered clouds
401,Santa Cruz Del Sur,CU,2021-12-19 15:34:12,20.7147,-77.9956,81.46,65,1,5.12,light rain
402,Lavumisa,SZ,2021-12-19 15:34:12,-27.31,31.892,70.16,73,100,4.79,overcast clouds
403,Vysokogornyy,RU,2021-12-19 15:34:13,50.1167,139.15,-10.08,99,100,3.13,overcast clouds
404,Agadez,NE,2021-12-19 15:34:13,19.75,10.25,68.16,20,0,10.69,clear sky
405,Ushtobe,KZ,2021-12-19 15:34:14,45.2514,77.9838,35.15,68,100,4.34,overcast clouds
406,Balykshi,KZ,2021-12-19 15:34:14,47.0667,51.8667,33.8,93,75,13.42,mist
407,Akyab,MM,2021-12-19 15:34:15,20.15,92.9,70.9,72,2,9.15,clear sky
408,Leningradskiy,RU,2021-12-19 15:34:15,69.3833,178.4167,0.07,95,100,14.61,light snow
409,Ust-Tsilma,RU,2021-12-19 15:34:15,65.441,52.1498,-8.05,97,99,4.68,overcast clouds
410,Miracema Do Tocantins,BR,2021-12-19 15:34:16,-9.5618,-48.3967,79.23,88,100,4.32,overcast clouds
411,Kemin,KG,2021-12-19 15:34:16,42.7846,75.6892,38.32,45,100,1.14,overcast clouds
412,Lamu,KE,2021-12-19 15:34:17,-2.2717,40.902,80.4,84,49,11.07,light rain
413,Matay,EG,2021-12-19 15:35:17,28.419,30.7792,61.7,37,90,9.91,overcast clouds
414,Lorengau,PG,2021-12-19 15:35:18,-2.0226,147.2712,80.98,84,98,12.28,overcast clouds
415,Torbay,CA,2021-12-19 15:35:19,47.6666,-52.7314,24.58,75,75,17.27,broken clouds
416,Butembo,CD,2021-12-19 15:35:19,0.15,29.2833,60.69,94,90,0.69,moderate rain
417,Nioro,GM,2021-12-19 15:35:19,13.35,-15.75,92.57,20,95,12.06,overcast clouds
418,Catamarca,AR,2021-12-19 15:32:12,-28.4696,-65.7852,94.77,39,26,4.0,light rain
419,Puerto Del Rosario,ES,2021-12-19 15:35:20,28.5004,-13.8627,71.35,73,20,18.41,few clouds
420,Kasba,IN,2021-12-19 15:35:21,25.85,87.55,56.8,36,0,8.55,clear sky
421,Port Hedland,AU,2021-12-19 15:35:21,-20.3167,118.5667,87.85,58,12,9.22,few clouds
422,Hanzhong,CN,2021-12-19 15:35:22,33.0728,107.0303,41.85,71,10,1.88,clear sky
423,Sarkand,KZ,2021-12-19 15:35:22,45.41,79.9186,34.84,60,89,8.93,overcast clouds
424,Nishihara,JP,2021-12-19 15:35:23,26.1842,127.7558,58.28,63,40,5.75,scattered clouds
425,Calvinia,ZA,2021-12-19 15:35:23,-31.4707,19.776,84.02,24,40,9.22,thunderstorm
426,Bacungan,PH,2021-12-19 15:35:24,9.9106,118.7022,78.13,86,69,1.01,broken clouds
427,Zhangye,CN,2021-12-19 15:35:24,38.9342,100.4517,24.73,42,44,7.0,scattered clouds
428,Chico,US,2021-12-19 15:35:25,39.7285,-121.8375,39.67,99,90,1.01,mist
429,Lyaskelya,RU,2021-12-19 15:35:25,61.7667,31.0167,13.42,84,96,12.73,overcast clouds
430,Onda,ES,2021-12-19 15:35:26,39.9667,-0.25,59.85,76,11,4.9,few clouds
431,Mawlaik,MM,2021-12-19 15:35:26,23.6333,94.4167,62.33,85,0,1.14,clear sky
432,Tigil,RU,2021-12-19 15:35:27,57.8,158.6667,-21.32,100,36,3.2,scattered clouds
433,Springbok,ZA,2021-12-19 15:35:27,-29.6643,17.8865,77.14,38,93,14.79,overcast clouds
434,Leh,IN,2021-12-19 15:35:28,34.1667,77.5833,1.31,39,32,3.56,scattered clouds
435,Kirkwall,GB,2021-12-19 15:35:28,58.9848,-2.9587,44.94,87,75,5.75,broken clouds
436,Cuiaba,BR,2021-12-19 15:35:29,-15.5961,-56.0967,85.93,66,75,11.5,broken clouds
437,Quincy,US,2021-12-19 15:35:29,42.2529,-71.0023,37.15,90,75,4.0,light rain
438,Sur,OM,2021-12-19 15:35:30,22.5667,59.5289,71.19,62,89,4.68,overcast clouds
439,Narsaq,GL,2021-12-19 15:35:30,60.9167,-46.05,52.02,56,100,21.16,overcast clouds
440,Thunder Bay,CA,2021-12-19 15:33:43,48.4001,-89.3168,8.58,92,90,4.61,light snow
441,Plettenberg Bay,ZA,2021-12-19 15:35:31,-34.0527,23.3716,68.81,75,58,7.38,broken clouds
442,Banjar,ID,2021-12-19 15:35:31,-8.19,114.9675,82.26,90,100,3.0,overcast clouds
443,Broome,US,2021-12-19 15:35:32,42.2506,-75.833,29.62,75,90,4.0,overcast clouds
444,Piskavica,BA,2021-12-19 15:35:32,44.8681,16.9736,43.83,81,2,2.06,clear sky
445,Dingle,PH,2021-12-19 15:35:33,10.9995,122.6711,76.08,92,100,7.05,overcast clouds
446,Menongue,AO,2021-12-19 15:35:33,-14.6585,17.691,80.64,46,98,5.66,overcast clouds
447,Fare,PF,2021-12-19 15:35:33,-16.7,-151.0167,79.23,78,69,8.3,broken clouds
448,Nelson Bay,AU,2021-12-19 15:35:34,-32.7167,152.15,73.0,87,100,4.88,moderate rain
449,Swiecie,PL,2021-12-19 15:35:34,53.4095,18.4474,39.79,66,62,12.53,broken clouds
450,Soe,ID,2021-12-19 15:35:35,-9.8607,124.284,68.92,93,55,3.31,broken clouds
451,Rosarito,MX,2021-12-19 15:35:35,32.3333,-117.0333,53.15,39,0,1.66,clear sky
452,Coihueco,CL,2021-12-19 15:35:36,-36.6167,-71.8333,77.74,36,0,6.91,clear sky
453,Luderitz,NA,2021-12-19 15:35:36,-26.6481,15.1594,68.13,66,1,8.23,clear sky
454,Tutoia,BR,2021-12-19 15:35:37,-2.7619,-42.2744,89.58,59,96,14.7,overcast clouds
455,Lichuan,CN,2021-12-19 15:35:37,30.3,108.85,37.04,92,86,1.74,overcast clouds
456,Bathsheba,BB,2021-12-19 15:35:38,13.2167,-59.5167,84.81,70,40,24.16,scattered clouds
457,Lagoa,PT,2021-12-19 15:35:39,39.05,-27.9833,60.01,72,89,16.04,overcast clouds
458,Abu Samrah,SY,2021-12-19 15:35:39,35.3029,37.1841,52.25,61,1,10.42,clear sky
459,Soto La Marina,MX,2021-12-19 15:36:41,23.7667,-98.2167,54.77,67,100,10.38,overcast clouds
460,Manaure,CO,2021-12-19 15:36:43,11.7751,-72.4445,87.91,58,84,22.77,broken clouds
461,Kuito,AO,2021-12-19 15:36:44,-12.3833,16.9333,68.05,76,100,3.13,overcast clouds
462,Ca Mau,VN,2021-12-19 15:36:44,9.1769,105.15,75.16,75,100,2.91,overcast clouds
463,Hidaka,JP,2021-12-19 15:36:45,42.8728,142.4406,5.92,91,69,3.22,broken clouds
464,Remetea,RO,2021-12-19 15:36:46,46.7833,25.45,32.16,93,100,4.36,overcast clouds
465,Aksu,CN,2021-12-19 15:36:46,41.1231,80.2644,23.04,58,0,2.1,clear sky
466,Mackay,AU,2021-12-19 15:36:47,-21.15,149.2,78.78,73,40,9.22,scattered clouds
467,Peleduy,RU,2021-12-19 15:36:48,59.6289,112.7406,-33.92,99,98,2.98,overcast clouds
468,Kletskaya,RU,2021-12-19 15:36:49,49.3145,43.0584,31.06,73,100,25.86,overcast clouds
469,Smolenka,RU,2021-12-19 15:36:50,52.1352,113.4974,17.67,79,96,22.37,overcast clouds
470,Vanimo,PG,2021-12-19 15:36:50,-2.6741,141.3028,78.22,92,100,10.76,moderate rain
471,Gat,IL,2021-12-19 15:36:51,31.61,34.7642,59.68,46,48,8.39,scattered clouds
472,Praia,CV,2021-12-19 15:36:51,14.9215,-23.5087,75.74,73,90,13.8,overcast clouds
473,Chumikan,RU,2021-12-19 15:36:52,54.7183,135.315,-15.36,91,16,15.08,few clouds
474,Ugoofaaru,MV,2021-12-19 15:36:53,5.6667,73.0,81.93,77,51,11.16,broken clouds
475,Gombe,NG,2021-12-19 15:36:56,10.2897,11.1673,82.69,24,30,8.93,scattered clouds
476,Ondangwa,NA,2021-12-19 15:36:59,-17.9167,15.95,92.41,15,5,6.8,clear sky
477,Rafai,CF,2021-12-19 15:37:00,4.95,23.9167,85.51,32,61,1.99,broken clouds
478,Baran,IN,2021-12-19 15:37:01,25.1,76.5167,54.99,29,0,1.95,clear sky
479,Sidi Ali,DZ,2021-12-19 15:37:01,36.0998,0.4206,57.79,60,79,9.22,broken clouds
480,Port Macquarie,AU,2021-12-19 15:37:02,-31.4333,152.9167,69.89,90,78,7.49,broken clouds
481,Barnala,IN,2021-12-19 15:37:02,30.3833,75.55,50.29,18,52,5.91,broken clouds
482,Bunbury,AU,2021-12-19 15:37:03,-33.3333,115.6333,57.81,78,0,7.61,clear sky
483,Molochnoye,RU,2021-12-19 15:37:03,59.2917,39.6787,18.0,95,100,13.69,light snow
484,Lusambo,CD,2021-12-19 15:37:04,-4.9667,23.45,82.17,67,46,1.77,scattered clouds
485,Panzhihua,CN,2021-12-19 15:37:04,26.5851,101.7128,50.74,82,0,1.45,clear sky
486,Vigrestad,NO,2021-12-19 15:37:05,58.5667,5.7,40.59,69,12,16.31,few clouds
487,Yongan,CN,2021-12-19 15:37:05,39.6957,113.6871,25.52,48,33,7.02,scattered clouds
488,Siparia,TT,2021-12-19 15:37:06,10.1333,-61.5,86.83,75,59,12.86,broken clouds
489,Xingcheng,CN,2021-12-19 15:37:06,40.6167,120.7167,32.97,47,0,8.43,clear sky
490,Melo,UY,2021-12-19 15:37:07,-32.3667,-54.1833,86.67,39,0,10.07,clear sky
491,Maxixe,MZ,2021-12-19 15:37:07,-23.8597,35.3472,76.82,53,40,6.91,scattered clouds
492,Jumla,NP,2021-12-19 15:37:08,29.2747,82.1838,29.77,25,0,5.06,clear sky
493,Urengoy,RU,2021-12-19 15:37:08,65.9667,78.3667,-39.21,99,46,5.53,scattered clouds
494,Krivosheino,RU,2021-12-19 15:37:09,57.3431,83.9261,-9.89,97,96,6.44,overcast clouds
495,Odoyev,RU,2021-12-19 15:37:09,53.9393,36.6864,28.99,96,100,10.85,overcast clouds
496,Baft,IR,2021-12-19 15:37:10,29.234,56.6057,48.47,50,79,2.35,broken clouds
497,Wakkanai,JP,2021-12-19 15:37:10,45.4094,141.6739,23.14,85,100,2.73,light snow
498,Bubaque,GW,2021-12-19 15:37:10,11.2833,-15.8333,82.51,46,29,6.58,scattered clouds
499,Lasa,IT,2021-12-19 15:37:11,46.6166,10.7002,47.28,66,1,7.07,clear sky
500,Placerville,US,2021-12-19 15:37:11,38.7296,-120.7986,43.34,85,47,1.99,scattered clouds
501,Outjo,NA,2021-12-19 15:37:12,-20.1167,16.15,92.05,15,78,10.18,broken clouds
502,Bardiyah,LY,2021-12-19 15:37:12,31.7561,25.0865,50.67,81,61,13.94,broken clouds
503,Baoqing,CN,2021-12-19 15:37:13,46.3317,132.2111,0.23,92,64,5.46,broken clouds
504,Buala,SB,2021-12-19 15:37:13,-8.145,159.5921,79.11,85,99,6.15,light rain
505,Wanning,CN,2021-12-19 15:37:14,18.8003,110.3967,65.48,92,100,17.81,light rain
506,Obo,CF,2021-12-19 15:37:14,5.3998,26.4869,85.87,29,72,3.09,broken clouds
507,Peru,US,2021-12-19 15:38:15,40.7537,-86.0689,34.41,74,90,4.61,overcast clouds
508,Magaria,NE,2021-12-19 15:38:15,12.9983,8.9099,79.21,16,6,13.44,clear sky
509,Mao,ES,2021-12-19 15:38:16,39.8885,4.2658,57.76,62,40,3.44,scattered clouds
510,Lihula,EE,2021-12-19 15:38:17,58.6814,23.8453,34.95,69,56,9.91,broken clouds
511,Auckland,NZ,2021-12-19 15:34:56,-36.8667,174.7667,59.13,90,40,3.44,scattered clouds
512,Goderich,CA,2021-12-19 15:38:17,43.7501,-81.7165,29.91,80,96,11.5,overcast clouds
513,Omboue,GA,2021-12-19 15:38:18,-1.5746,9.2618,82.17,77,96,7.61,light rain
514,Katangli,RU,2021-12-19 15:38:18,51.7102,143.2326,-12.05,99,42,8.28,scattered clouds
515,Ternate,ID,2021-12-19 15:38:19,0.8,127.4,81.37,83,99,6.8,overcast clouds
516,Kamskiye Polyany,RU,2021-12-19 15:38:19,55.4307,51.4171,23.81,95,100,6.11,overcast clouds
517,Mahajanga,MG,2021-12-19 15:38:20,-15.7167,46.3167,84.22,79,20,12.66,few clouds
518,Athabasca,CA,2021-12-19 15:38:20,54.7169,-113.2854,3.02,91,86,8.97,overcast clouds
519,Kamenka,RU,2021-12-19 15:38:21,51.3223,42.7678,28.74,95,100,20.83,light snow
520,Hobyo,SO,2021-12-19 15:38:21,5.3505,48.5268,79.63,78,36,16.35,scattered clouds
521,Misawa,JP,2021-12-19 15:38:21,40.6836,141.3597,29.61,82,87,7.58,overcast clouds
522,Kapuskasing,CA,2021-12-19 15:38:22,49.4169,-82.4331,-5.8,84,1,0.0,clear sky
523,Makarov,RU,2021-12-19 15:38:23,48.6333,142.8,6.12,81,48,6.08,scattered clouds
524,Talnakh,RU,2021-12-19 15:38:23,69.4865,88.3972,-33.03,94,61,3.65,broken clouds
525,Mabai,CN,2021-12-19 15:38:24,23.0128,104.4508,41.07,92,42,1.97,scattered clouds
526,Batagay-Alyta,RU,2021-12-19 15:38:24,67.8006,130.4114,-22.13,99,100,1.79,overcast clouds
527,Cordele,US,2021-12-19 15:38:25,31.9635,-83.7824,68.09,94,90,3.44,overcast clouds
528,Gouyave,GD,2021-12-19 15:38:25,12.1646,-61.7296,84.97,66,40,17.27,scattered clouds
529,Rudiskes,LT,2021-12-19 15:38:26,54.5167,24.8333,34.07,92,80,11.68,light snow
530,Svencionys,LT,2021-12-19 15:38:26,55.15,26.1667,31.96,90,97,11.95,overcast clouds
531,Quatre Cocos,MU,2021-12-19 15:38:27,-20.2078,57.7625,81.09,73,52,3.11,broken clouds
532,Reconquista,AR,2021-12-19 15:38:27,-29.15,-59.65,98.35,23,81,4.14,broken clouds
533,Lebyazhye,RU,2021-12-19 15:38:28,55.2689,66.4947,13.35,100,91,6.76,overcast clouds
534,Turochak,RU,2021-12-19 15:38:28,52.2576,87.1224,18.25,96,100,2.89,overcast clouds
535,Roma,US,2021-12-19 15:38:03,43.2128,-75.4557,26.83,82,90,11.5,overcast clouds
536,Zvishavane,ZW,2021-12-19 15:38:29,-20.3267,30.0665,60.91,91,100,2.62,light rain
537,Huesca,ES,2021-12-19 15:38:30,42.1362,-0.4087,52.11,90,90,0.0,fog
538,Itarema,BR,2021-12-19 15:38:30,-2.9248,-39.9167,89.2,53,71,17.16,broken clouds
539,Jinka,ET,2021-12-19 15:38:31,5.65,36.65,66.56,80,100,2.17,moderate rain
540,Hualmay,PE,2021-12-19 15:38:31,-11.0964,-77.6139,72.34,72,84,9.84,broken clouds
541,Oistins,BB,2021-12-19 15:33:46,13.0667,-59.5333,84.29,70,40,24.16,scattered clouds
542,Saint Anthony,US,2021-12-19 15:38:32,45.0205,-93.218,19.0,88,75,5.01,broken clouds
543,Cetraro,IT,2021-12-19 15:38:32,39.5166,15.9416,45.72,69,2,2.01,clear sky
544,Liverpool,GB,2021-12-19 15:38:33,53.4106,-2.9779,43.68,98,90,4.61,fog
545,Ancud,CL,2021-12-19 15:38:33,-41.8697,-73.8203,63.43,70,27,7.14,scattered clouds
546,Osoyoos,CA,2021-12-19 15:38:34,49.0331,-119.4524,27.36,80,45,1.14,scattered clouds
547,Tautira,PF,2021-12-19 15:38:34,-17.7333,-149.15,75.22,81,100,13.8,light rain
548,Auki,SB,2021-12-19 15:38:35,-8.7676,160.7034,77.18,85,96,1.54,overcast clouds
549,Suntar,RU,2021-12-19 15:38:35,62.1444,117.6319,-38.83,98,99,3.42,overcast clouds
550,Ebolowa,CM,2021-12-19 15:38:36,2.9,11.15,87.93,41,54,2.06,broken clouds
551,Harper,LR,2021-12-19 15:38:37,4.375,-7.7169,84.56,67,77,11.45,broken clouds
552,Kearney,US,2021-12-19 15:38:37,40.6995,-99.0815,21.76,66,1,15.01,clear sky
553,Nyurba,RU,2021-12-19 15:38:38,63.2842,118.3319,-37.32,97,96,4.32,overcast clouds
554,Katra,IN,2021-12-19 15:38:38,32.9833,74.95,44.91,20,26,7.58,scattered clouds
555,Awjilah,LY,2021-12-19 15:39:39,29.1081,21.2869,53.89,48,43,18.1,scattered clouds
556,Sangar,RU,2021-12-19 15:39:39,63.9242,127.4739,-33.66,96,100,4.14,overcast clouds
557,Lichinga,MZ,2021-12-19 15:39:40,-13.3128,35.2406,71.69,83,75,6.91,thunderstorm
558,Qasigiannguit,GL,2021-12-19 15:39:40,68.8193,-51.1922,37.65,77,98,8.97,overcast clouds
559,Chase,CA,2021-12-19 15:39:41,50.8165,-119.6857,22.75,98,58,2.73,broken clouds
560,Vikulovo,RU,2021-12-19 15:39:41,56.8167,70.6107,18.32,95,100,11.25,light snow
561,Wahiawa,US,2021-12-19 15:39:02,21.5028,-158.0236,70.12,87,75,4.61,light rain
562,Marquette,US,2021-12-19 15:39:42,46.5333,-87.6335,19.76,76,63,8.03,broken clouds
563,Bayan,CN,2021-12-19 15:39:43,46.0833,127.4,4.75,95,67,5.68,broken clouds
564,Raver,IN,2021-12-19 15:39:43,21.25,76.0333,61.05,25,0,7.49,clear sky
565,Shingu,JP,2021-12-19 15:39:44,33.7333,135.9833,45.91,71,4,7.56,clear sky
566,Ginda,IN,2021-12-19 15:39:44,30.6945,78.4932,38.62,21,0,8.01,clear sky
567,Rocky Mountain House,CA,2021-12-19 15:39:45,52.3668,-114.9188,13.75,72,99,12.66,overcast clouds
568,Alihe,CN,2021-12-19 15:39:46,50.5667,123.7167,-3.35,98,77,2.15,broken clouds
569,Abbeville,FR,2021-12-19 15:39:46,50.1,1.8333,44.56,86,100,8.21,overcast clouds
570,Rio Rancho,US,2021-12-19 15:39:46,35.2334,-106.6645,36.36,54,1,1.01,clear sky
571,Tambopata,PE,2021-12-19 15:39:47,-12.7333,-69.1833,87.69,66,20,4.61,few clouds
572,Nuuk,GL,2021-12-19 15:39:47,64.1835,-51.7216,39.81,65,75,21.85,broken clouds
573,Koslan,RU,2021-12-19 15:39:48,63.4564,48.8989,-1.44,96,100,6.58,overcast clouds
574,Yar-Sale,RU,2021-12-19 15:39:48,66.8333,70.8333,-26.66,100,84,7.2,broken clouds
575,Reshetylivka,UA,2021-12-19 15:39:49,49.565,34.0782,35.02,98,100,17.72,light rain
576,Qandala,SO,2021-12-19 15:39:49,11.472,49.8728,77.2,79,47,7.49,scattered clouds
577,Koumac,NC,2021-12-19 15:39:50,-20.5667,164.2833,77.56,80,0,2.1,clear sky
578,Delmas,HT,2021-12-19 15:39:50,18.5447,-72.3028,83.12,54,20,18.41,few clouds
579,Durant,US,2021-12-19 15:39:51,33.994,-96.3708,33.33,74,1,8.05,clear sky
580,Cabinda,AO,2021-12-19 15:39:51,-5.55,12.2,86.14,74,75,9.22,broken clouds
581,Bahia Blanca,AR,2021-12-19 15:39:52,-38.7196,-62.2724,89.38,32,0,7.54,clear sky
582,Seymchan,RU,2021-12-19 15:39:52,62.8833,152.4333,-46.1,100,85,0.54,overcast clouds
583,Okha,RU,2021-12-19 15:39:53,53.5739,142.9478,-7.58,87,12,12.8,few clouds
584,Jining,CN,2021-12-19 15:39:53,35.405,116.5814,38.3,47,34,6.87,scattered clouds
585,Pleshanovo,RU,2021-12-19 15:39:54,52.8333,53.4833,18.55,97,94,6.93,overcast clouds
586,Mitu,CO,2021-12-19 15:39:55,1.1983,-70.1733,87.44,59,97,4.76,overcast clouds
587,Okhotsk,RU,2021-12-19 15:39:55,59.3833,143.3,-3.68,90,100,11.03,overcast clouds
588,Grasse,FR,2021-12-19 15:39:56,43.6667,6.9167,53.46,62,0,1.01,clear sky
589,Dzhubga,RU,2021-12-19 15:39:56,44.3211,38.7039,43.63,66,30,12.48,scattered clouds
590,Newberry,US,2021-12-19 15:39:57,34.2746,-81.6187,64.38,99,100,5.82,moderate rain
591,Evensk,RU,2021-12-19 15:39:57,61.95,159.2333,-20.72,77,12,9.35,few clouds
592,Makushino,RU,2021-12-19 15:39:58,55.2103,67.2442,12.22,100,89,5.77,overcast clouds
593,Hamilton,US,2021-12-19 15:38:21,39.1834,-84.5333,37.15,74,90,1.99,overcast clouds
594,Caravelas,BR,2021-12-19 15:39:59,-17.7125,-39.2481,80.53,71,88,6.2,overcast clouds
595,Baykit,RU,2021-12-19 15:39:59,61.67,96.37,-32.44,97,20,2.44,few clouds
596,Portland,US,2021-12-19 15:39:34,45.5234,-122.6762,38.61,95,90,1.99,light snow
597,Mataram,ID,2021-12-19 15:40:00,-8.5833,116.1167,79.61,82,100,2.3,overcast clouds
598,Taman,RU,2021-12-19 15:40:00,45.2117,36.7161,43.12,63,94,24.11,overcast clouds
599,Beira,MZ,2021-12-19 15:40:01,-19.8436,34.8389,77.09,88,75,13.8,broken clouds
600,Samarai,PG,2021-12-19 15:40:01,-10.6167,150.6667,80.73,77,66,7.0,broken clouds
601,Naica,MX,2021-12-19 15:41:02,27.85,-105.4833,46.4,72,100,3.06,overcast clouds
602,La Puebla De Cazalla,ES,2021-12-19 15:41:02,37.2216,-5.3115,68.11,50,83,7.74,broken clouds
603,Shelburne,CA,2021-12-19 15:41:03,44.0787,-80.2041,24.13,88,43,9.17,scattered clouds
604,San Juan,AR,2021-12-19 15:38:07,-31.5375,-68.5364,91.24,32,1,5.28,clear sky
605,Mikhaylovskoye,RU,2021-12-19 15:41:03,51.8239,79.7172,26.6,84,100,11.21,overcast clouds
606,Udachnyy,RU,2021-12-19 15:41:04,66.4167,112.4,-37.55,81,100,5.88,overcast clouds
607,Fort Frances,CA,2021-12-19 15:37:41,48.5999,-93.4003,10.62,85,90,9.22,overcast clouds
608,Visnes,NO,2021-12-19 15:41:05,59.3556,5.2242,41.05,60,20,24.16,few clouds
609,Christchurch,NZ,2021-12-19 15:40:32,-43.5333,172.6333,59.2,87,4,1.14,clear sky
610,Ranong,TH,2021-12-19 15:36:51,9.9658,98.6348,73.38,85,95,6.38,overcast clouds
611,Erenhot,CN,2021-12-19 15:41:06,43.6475,111.9767,23.09,51,0,18.41,clear sky
612,Nizwa,OM,2021-12-19 15:41:07,22.9333,57.5333,70.65,44,100,1.74,overcast clouds
613,Nouadhibou,MR,2021-12-19 15:41:07,20.931,-17.0347,71.58,64,100,4.61,overcast clouds
614,Barreirinha,BR,2021-12-19 15:41:07,-2.7933,-57.07,91.51,52,87,5.97,overcast clouds
615,Trairi,BR,2021-12-19 15:37:50,-3.2778,-39.2689,88.99,53,45,14.54,scattered clouds
616,Blackpool,GB,2021-12-19 15:40:11,53.8167,-3.05,39.69,75,72,3.94,broken clouds
617,Svirstroy,RU,2021-12-19 15:41:08,60.7999,33.7248,16.68,87,100,12.82,overcast clouds
618,Sola,VU,2021-12-19 15:41:09,-13.8833,167.55,74.07,100,75,0.0,broken clouds
619,Abu Kamal,SY,2021-12-19 15:41:09,34.4506,40.9171,60.84,36,46,6.2,scattered clouds
620,Santa Lucia Cotzumalguapa,GT,2021-12-19 15:41:10,14.3333,-91.0167,82.72,54,16,3.94,few clouds
621,Laon,FR,2021-12-19 15:41:10,49.5667,3.6667,42.67,90,40,8.08,scattered clouds
622,Dodge City,US,2021-12-19 15:41:11,37.7528,-100.0171,29.25,56,1,8.99,clear sky
623,Kibakwe,TZ,2021-12-19 15:41:11,-6.7167,36.3667,76.87,53,42,7.7,scattered clouds
624,Marti,CU,2021-12-19 15:41:12,22.9475,-80.9203,79.45,56,0,3.89,light rain
625,Kipen,RU,2021-12-19 15:41:13,59.6765,29.8531,25.45,92,100,12.55,overcast clouds
626,Kudat,MY,2021-12-19 15:41:13,6.8837,116.8477,77.29,100,20,1.14,few clouds
627,Yicheng,CN,2021-12-19 15:41:14,31.3705,119.8703,46.06,46,55,5.1,broken clouds
628,Kattivakkam,IN,2021-12-19 15:41:14,13.2167,80.3167,79.07,69,1,11.05,clear sky
629,Itoman,JP,2021-12-19 15:41:15,26.1247,127.6694,59.02,61,20,5.75,few clouds
630,Nara,JP,2021-12-19 15:40:15,34.6851,135.8049,47.48,64,21,5.82,few clouds
631,Szamotuly,PL,2021-12-19 15:41:15,52.612,16.5779,42.31,83,100,11.5,overcast clouds
632,Pangkalanbuun,ID,2021-12-19 15:41:16,-2.6833,111.6167,74.61,98,100,2.59,overcast clouds
633,Chapais,CA,2021-12-19 15:41:17,49.7834,-74.8492,2.98,80,88,7.18,overcast clouds
634,Biu,NG,2021-12-19 15:41:17,10.6129,12.1946,79.79,24,30,8.32,scattered clouds
635,Anadyr,RU,2021-12-19 15:41:18,64.75,177.4833,21.7,100,75,13.0,light snow
636,Paide,EE,2021-12-19 15:41:18,58.8856,25.5572,32.9,92,100,9.95,light snow
637,Shimoda,JP,2021-12-19 15:41:19,34.6667,138.95,41.11,74,3,20.45,clear sky
638,Sobolevo,RU,2021-12-19 15:41:19,54.4299,31.8996,28.92,89,92,13.82,overcast clouds
639,Vallenar,CL,2021-12-19 15:41:20,-28.5708,-70.7581,82.11,36,56,7.23,broken clouds
640,Kalat,PK,2021-12-19 15:41:20,29.0225,66.5916,46.51,28,0,2.89,clear sky
641,Nabire,ID,2021-12-19 15:41:21,-3.3667,135.4833,75.6,94,100,2.39,overcast clouds
642,Sao Filipe,CV,2021-12-19 15:41:21,14.8961,-24.4956,73.72,79,100,12.33,overcast clouds
643,Srivardhan,IN,2021-12-19 15:41:22,18.0333,73.0167,74.98,63,0,6.62,clear sky
644,Wewak,PG,2021-12-19 15:41:22,-3.5534,143.6268,79.63,88,99,11.52,moderate rain
645,Chifeng,CN,2021-12-19 15:40:25,42.2683,118.9636,26.76,50,0,11.74,clear sky
646,Coahuayana,MX,2021-12-19 15:42:23,18.7333,-103.6833,76.48,55,100,2.44,overcast clouds
647,Vokhma,RU,2021-12-19 15:42:23,58.9303,46.7586,14.2,96,99,5.88,overcast clouds
648,Tezu,IN,2021-12-19 15:42:24,27.9167,96.1667,60.13,41,0,4.12,clear sky
649,Termoli,IT,2021-12-19 15:42:24,41.9888,14.9895,50.83,51,0,5.44,clear sky
650,Burevestnik,RU,2021-12-19 15:42:25,56.144,43.7883,25.75,93,90,6.71,light snow
651,Nome,US,2021-12-19 15:42:26,64.5011,-165.4064,34.16,100,90,20.71,mist
652,Tiarei,PF,2021-12-19 15:42:26,-17.5333,-149.3333,75.22,80,99,13.0,light rain
653,Kushmurun,KZ,2021-12-19 15:42:27,52.4503,64.6311,18.66,95,80,9.75,broken clouds
654,Yuncheng,CN,2021-12-19 15:42:27,35.0231,110.9928,37.8,38,1,2.62,clear sky
655,Teguldet,RU,2021-12-19 15:42:28,57.3064,88.1667,-14.85,98,16,4.27,few clouds
656,Berbera,SO,2021-12-19 15:42:28,10.4396,45.0143,78.13,69,17,11.95,few clouds
657,Muyezerskiy,RU,2021-12-19 15:42:29,63.9333,31.65,13.53,92,100,11.1,overcast clouds
658,Burley,US,2021-12-19 15:42:29,42.5357,-113.7928,30.16,55,1,8.05,clear sky
659,Sochi,RU,2021-12-19 15:37:54,43.6,39.7303,41.09,76,50,4.29,scattered clouds
660,Pangnirtung,CA,2021-12-19 15:42:30,66.1451,-65.7125,1.6,98,100,3.62,overcast clouds
661,Alofi,NU,2021-12-19 15:42:30,-19.0595,-169.9187,76.89,88,53,6.91,broken clouds
662,Saint-Georges,GD,2021-12-19 15:42:31,12.0564,-61.7485,85.68,66,40,17.27,scattered clouds
663,Dabola,GN,2021-12-19 15:42:31,10.75,-11.1167,92.97,14,6,6.42,clear sky
664,Pemba,MZ,2021-12-19 15:42:32,-12.974,40.5178,83.1,78,75,12.66,broken clouds
665,Manokwari,ID,2021-12-19 15:42:32,-0.8667,134.0833,79.43,84,99,7.78,overcast clouds
666,Sao Joao Do Piaui,BR,2021-12-19 15:42:33,-8.3581,-42.2467,93.13,40,90,1.41,overcast clouds
667,Arraias,BR,2021-12-19 15:42:33,-12.9288,-46.9437,77.2,81,99,3.74,overcast clouds
668,Nola,IT,2021-12-19 15:42:34,40.922,14.5329,55.31,60,0,3.04,clear sky
669,Cap-Aux-Meules,CA,2021-12-19 15:42:34,47.3821,-61.8597,26.65,68,90,8.05,overcast clouds
670,Kang,BW,2021-12-19 15:42:35,-23.6752,22.7876,81.19,42,99,7.9,overcast clouds
671,Saint-Francois,FR,2021-12-19 15:42:35,46.4154,3.9054,34.68,92,90,6.91,mist
672,Arica,CL,2021-12-19 15:42:36,-18.475,-70.3042,76.55,56,0,12.66,clear sky
673,Guarapari,BR,2021-12-19 15:42:36,-20.6667,-40.4975,78.69,83,92,10.42,overcast clouds
674,La Palma,US,2021-12-19 15:37:42,33.8464,-118.0467,62.64,71,1,3.44,haze
675,Arari,BR,2021-12-19 15:42:37,-3.4536,-44.78,88.86,55,97,6.55,overcast clouds
676,Mashhad,IR,2021-12-19 15:42:37,36.297,59.6062,51.94,54,0,0.0,clear sky
677,Laureles,US,2021-12-19 15:42:38,26.1092,-97.4941,53.94,81,90,7.0,overcast clouds
678,Maracacume,BR,2021-12-19 15:42:38,-2.0428,-45.9592,88.02,60,79,5.35,broken clouds
679,Vilhena,BR,2021-12-19 15:42:39,-12.7406,-60.1458,77.22,88,75,11.5,broken clouds
680,Bacolod,PH,2021-12-19 15:42:39,10.6667,122.95,77.9,86,92,6.51,overcast clouds
681,Andros Town,BS,2021-12-19 15:42:41,24.7,-77.7667,80.56,66,1,15.99,clear sky
682,Lufilufi,WS,2021-12-19 15:42:43,-13.8745,-171.5986,71.38,76,47,18.88,light rain
683,Kosh-Agach,RU,2021-12-19 15:42:43,50.0,88.6667,-2.88,72,43,3.06,scattered clouds
684,Inirida,CO,2021-12-19 15:42:44,3.8653,-67.9239,88.36,63,94,1.43,overcast clouds
685,Chazuta,PE,2021-12-19 15:42:44,-6.5742,-76.1367,83.25,68,97,2.08,overcast clouds
686,Patao,PH,2021-12-19 15:42:45,11.2202,123.6925,81.52,80,67,15.52,broken clouds
687,Mazyr,BY,2021-12-19 15:42:45,52.0495,29.2456,33.33,94,91,10.56,light snow
688,Salekhard,RU,2021-12-19 15:42:46,66.53,66.6019,-30.91,97,84,7.99,broken clouds
689,Ishigaki,JP,2021-12-19 15:42:47,24.3448,124.1572,67.12,58,57,13.87,broken clouds
